appliances,air condition
appliances,chimney
appliances,microwave
appliances,refrigerator
appliances,room heater
appliances,television
appliances,washing machine
appliances,water purifier
carpenter,customize furniture
carpenter,furniture assemble
carpenter,furniture repair
carpenter,wood polishing
carpenter,wood work
cleaning,bathroom
cleaning,bedroom
cleaning,home sanitization
cleaning,kitchen
cleaning,living room
cleaning,workplace
electrics,break down
electrics,new wiring
electrics,repair or fixes
electrics,shot circuit
moving,packers and movers
painting,furniture painting
painting,wall painting
pest control,ants
pest control,bed bugs
pest control,cockroach
pest control,mosquito
pest control,termite
plumbing,drain repair
plumbing,plumbing service
plumbing,sink replace
plumbing,toilet repair
